Product_ID,Total_Units_Sold,Average_Daily_Sales,Average_Inventory,Inventory_Turnover,Stockout_Days,Stockout_Frequency,Recommended_Action
P009,2160,42.35294117647059,52.31372549019608,41.28935532233883,5,9.803921568627452,Maintain Inventory
P005,2132,48.45454545454545,51.13636363636363,41.69244444444445,7,15.909090909090908,Increase Inventory
P002,2064,42.12244897959184,45.224489795918366,45.63898916967509,8,16.3265306122449,Increase Inventory
P006,2047,40.13725490196079,44.1078431372549,46.40897977328295,4,7.8431372549019605,Maintain Inventory
P001,1957,48.925,54.6625,35.80150926137663,6,15.0,Increase Inventory
P013,1528,30.56,39.76,38.43058350100604,4,8.0,Maintain Inventory
P003,1435,35.0,39.23170731707317,36.57755672987255,8,19.51219512195122,Increase Inventory
P010,1415,31.444444444444443,31.988888888888887,44.2341090656478,12,26.666666666666668,Increase Inventory
P007,1321,28.106382978723403,32.776595744680854,40.30314832846478,6,12.76595744680851,Maintain Inventory
P017,1169,22.92156862745098,27.401960784313726,42.66118067978533,8,15.686274509803921,Increase Inventory
P011,1152,21.735849056603772,25.150943396226417,45.80345086271568,10,18.867924528301888,Maintain Inventory
P014,1133,20.98148148148148,26.12037037037037,43.37610776320454,10,18.51851851851852,Maintain Inventory
P004,933,19.4375,24.177083333333332,38.59026281775097,12,25.0,Maintain Inventory
P015,867,13.761904761904763,16.071428571428573,53.94666666666666,19,30.158730158730158,Maintain Inventory
P018,763,15.895833333333334,19.614583333333332,38.899628252788105,16,33.33333333333333,Maintain Inventory
P019,686,10.71875,14.1875,48.352422907488986,21,32.8125,Maintain Inventory
P012,628,10.129032258064516,13.870967741935484,45.27441860465116,17,27.419354838709676,Maintain Inventory
P008,472,10.976744186046512,12.930232558139535,36.50359712230216,14,32.55813953488372,Maintain Inventory
P016,352,7.333333333333333,10.729166666666666,32.80776699029126,16,33.33333333333333,Maintain Inventory
P020,220,4.583333333333333,6.854166666666667,32.097264437689965,21,43.75,Maintain Inventory
