Date,Store_ID,Product_ID,Category,Opening_Stock,Units_Sold,Closing_Stock,Price,Promotion,Holiday
2026-01-01,S03,P004,Beverages,37,23,14,79.81,0,0
2026-01-01,S03,P011,Dairy,10,10,0,74.62,0,0
2026-01-01,S03,P013,Personal Care,44,23,21,121.27,0,0
2026-01-01,S04,P002,Beverages,50,30,20,57.72,0,0
2026-01-01,S05,P003,Beverages,26,26,0,36.29,1,0
2026-01-01,S05,P016,Personal Care,10,10,0,212.71,1,0
2026-01-01,S07,P005,Snacks,91,43,48,25.28,0,0
2026-01-01,S09,P011,Dairy,28,22,6,75.74,0,0
2026-01-02,S02,P007,Snacks,43,27,16,45.2,0,0
2026-01-02,S03,P012,Dairy,20,12,8,92.98,0,0
2026-01-02,S04,P001,Beverages,75,36,39,38.47,0,0
2026-01-02,S05,P012,Dairy,6,6,0,87.6,0,0
2026-01-02,S06,P013,Personal Care,65,45,20,120.99,1,0
2026-01-02,S06,P018,Household,60,27,33,130.17,0,1
2026-01-02,S07,P005,Snacks,91,65,26,24.22,1,0
2026-01-02,S07,P016,Personal Care,10,10,0,214.31,0,0
2026-01-02,S08,P018,Household,45,18,27,125.42,0,0
2026-01-02,S10,P015,Personal Care,10,10,0,175.89,1,0
2026-01-03,S06,P014,Personal Care,35,32,3,152.43,0,0
2026-01-03,S06,P020,Household,9,9,0,196.95,0,0
2026-01-03,S07,P014,Personal Care,27,16,11,153.74,0,0
2026-01-03,S07,P019,Household,20,10,10,161.16,0,0
2026-01-04,S01,P012,Dairy,15,9,6,88.29,0,0
2026-01-04,S01,P016,Personal Care,25,9,16,216.32,0,0
2026-01-04,S02,P007,Snacks,54,27,27,45.42,0,0
2026-01-04,S05,P004,Beverages,29,18,11,77.22,0,0
2026-01-04,S06,P013,Personal Care,38,38,0,121.51,1,0
2026-01-04,S07,P008,Snacks,9,9,0,59.23,0,0
2026-01-04,S07,P013,Personal Care,65,33,32,119.72,1,0
2026-01-04,S08,P003,Beverages,43,41,2,35.74,1,0
2026-01-04,S08,P009,Dairy,47,36,11,48.52,0,0
2026-01-04,S10,P018,Household,5,5,0,128.11,0,0
2026-01-05,S01,P002,Beverages,112,69,43,54.22,1,0
2026-01-05,S01,P005,Snacks,158,65,93,25.11,0,1
2026-01-05,S03,P012,Dairy,15,15,0,89.95,1,0
2026-01-05,S07,P009,Dairy,85,68,17,52.27,1,0
2026-01-05,S08,P014,Personal Care,4,4,0,144.94,0,0
2026-01-05,S09,P019,Household,21,8,13,162.69,0,0
2026-01-05,S10,P018,Household,26,19,7,124.55,0,0
2026-01-06,S01,P019,Household,33,18,15,163.85,0,0
2026-01-06,S02,P003,Beverages,6,6,0,35.11,0,0
2026-01-06,S03,P007,Snacks,70,26,44,44.77,0,0
2026-01-06,S03,P011,Dairy,27,27,0,76.37,0,0
2026-01-06,S03,P018,Household,30,15,15,132.95,0,0
2026-01-06,S04,P006,Snacks,51,39,12,30.46,0,1
2026-01-06,S07,P019,Household,35,12,23,162.71,0,0
2026-01-06,S08,P012,Dairy,1,1,0,90.34,0,0
2026-01-06,S09,P001,Beverages,78,36,42,41.61,0,0
2026-01-06,S09,P011,Dairy,30,18,12,74.2,0,0
2026-01-07,S01,P004,Beverages,29,23,6,81.07,0,0
2026-01-07,S01,P016,Personal Care,26,8,18,218.88,0,0
2026-01-07,S02,P014,Personal Care,19,14,5,144.71,0,0
2026-01-07,S03,P015,Personal Care,21,18,3,188.61,0,0
2026-01-07,S04,P018,Household,33,22,11,131.68,1,0
2026-01-07,S05,P009,Dairy,90,67,23,47.83,1,1
2026-01-07,S05,P011,Dairy,39,14,25,75.91,0,0
2026-01-07,S07,P005,Snacks,82,41,41,25.35,0,0
2026-01-07,S07,P012,Dairy,12,10,2,85.98,0,0
2026-01-07,S09,P020,Household,14,8,6,195.94,1,0
2026-01-08,S01,P006,Snacks,123,58,65,28.78,1,0
2026-01-08,S03,P014,Personal Care,17,17,0,148.37,0,0
2026-01-08,S03,P015,Personal Care,4,4,0,177.76,0,0
2026-01-08,S04,P012,Dairy,5,5,0,91.04,0,1
2026-01-08,S04,P015,Personal Care,34,14,20,175.18,0,0
2026-01-08,S05,P019,Household,10,10,0,165.14,0,0
2026-01-08,S06,P006,Snacks,105,52,53,30.04,1,0
2026-01-08,S06,P017,Household,50,38,12,96.41,0,0
2026-01-08,S07,P003,Beverages,47,31,16,35.55,0,0
2026-01-08,S07,P005,Snacks,81,62,19,24.74,0,0
2026-01-08,S07,P010,Dairy,83,37,46,64.61,0,0
2026-01-08,S07,P014,Personal Care,42,23,19,144.78,0,0
2026-01-08,S08,P009,Dairy,76,41,35,49.41,0,0
2026-01-08,S08,P017,Household,34,22,12,101.07,1,0
2026-01-08,S09,P003,Beverages,35,31,4,34.57,0,0
2026-01-08,S09,P004,Beverages,32,10,22,79.13,0,1
2026-01-08,S10,P004,Beverages,7,7,0,79.71,0,0
2026-01-09,S01,P002,Beverages,102,64,38,54.1,1,0
2026-01-09,S02,P012,Dairy,27,13,14,90.65,1,1
2026-01-09,S03,P006,Snacks,47,41,6,31.43,1,0
2026-01-09,S03,P018,Household,21,12,9,125.7,0,0
2026-01-09,S04,P004,Beverages,37,37,0,76.04,1,0
2026-01-09,S04,P013,Personal Care,61,22,39,121.01,0,0
2026-01-09,S04,P019,Household,28,4,24,167.32,0,0
2026-01-09,S05,P020,Household,25,12,13,197.76,1,0
2026-01-09,S06,P002,Beverages,63,58,5,57.71,0,0
2026-01-09,S06,P012,Dairy,17,10,7,92.83,0,0
2026-01-09,S08,P005,Snacks,94,69,25,24.46,1,0
2026-01-09,S08,P019,Household,17,14,3,155.63,0,1
2026-01-09,S09,P001,Beverages,52,39,13,41.24,0,0
2026-01-09,S09,P008,Snacks,29,12,17,60.47,0,1
2026-01-09,S09,P009,Dairy,68,51,17,47.51,1,0
2026-01-09,S09,P018,Household,14,14,0,134.21,1,0
2026-01-10,S02,P006,Snacks,69,33,36,29.18,0,0
2026-01-10,S03,P006,Snacks,103,71,32,29.66,1,1
2026-01-10,S03,P008,Snacks,8,8,0,62.03,0,0
2026-01-10,S03,P014,Personal Care,35,17,18,147.46,0,0
2026-01-10,S05,P010,Dairy,55,27,28,68.18,0,0
2026-01-10,S05,P010,Dairy,55,34,21,64.99,1,0
2026-01-10,S06,P012,Dairy,28,13,15,88.72,0,0
2026-01-10,S10,P014,Personal Care,38,13,25,148.73,0,0
2026-01-10,S10,P016,Personal Care,16,2,14,230.33,1,0
2026-01-10,S10,P019,Household,6,6,0,160.05,1,0
2026-01-11,S02,P005,Snacks,98,58,40,24.38,0,0
2026-01-11,S03,P017,Household,68,38,30,102.11,1,0
2026-01-11,S05,P012,Dairy,14,14,0,88.51,0,0
2026-01-11,S07,P002,Beverages,68,45,23,53.39,0,0
2026-01-11,S08,P006,Snacks,112,45,67,29.79,1,0
2026-01-12,S01,P010,Dairy,85,44,41,66.85,0,0
2026-01-12,S02,P010,Dairy,42,42,0,61.79,0,0
2026-01-12,S03,P005,Snacks,107,81,26,23.98,1,0
2026-01-12,S05,P005,Snacks,34,29,5,25.64,0,0
2026-01-12,S07,P007,Snacks,80,36,44,46.89,1,0
2026-01-12,S07,P017,Household,49,27,22,99.57,1,0
2026-01-12,S07,P019,Household,30,8,22,161.83,0,0
2026-01-12,S07,P019,Household,18,16,2,165.36,1,0
2026-01-12,S08,P005,Snacks,79,41,38,24.85,0,0
2026-01-12,S08,P018,Household,41,25,16,133.92,1,0
2026-01-12,S08,P020,Household,1,1,0,209.22,0,0
2026-01-12,S10,P019,Household,1,1,0,167.67,0,1
2026-01-13,S01,P003,Beverages,43,43,0,33.33,0,0
2026-01-13,S01,P018,Household,21,17,4,131.11,0,0
2026-01-13,S02,P001,Beverages,167,91,76,40.26,1,0
2026-01-13,S02,P005,Snacks,107,81,26,25.81,1,0
2026-01-13,S02,P014,Personal Care,38,30,8,148.9,0,0
2026-01-13,S02,P015,Personal Care,24,13,11,173.96,0,0
2026-01-13,S02,P020,Household,11,6,5,192.38,0,0
2026-01-13,S04,P015,Personal Care,16,16,0,179.81,0,0
2026-01-13,S04,P017,Household,31,20,11,102.06,0,1
2026-01-13,S04,P018,Household,40,13,27,124.41,0,0
2026-01-13,S05,P012,Dairy,12,12,0,93.77,1,0
2026-01-13,S05,P019,Household,35,13,22,157.73,0,0
2026-01-13,S06,P006,Snacks,100,42,58,30.5,0,0
2026-01-13,S06,P015,Personal Care,49,21,28,183.05,0,0
2026-01-13,S07,P008,Snacks,6,6,0,61.39,0,0
2026-01-13,S08,P011,Dairy,37,16,21,73.4,0,0
2026-01-13,S08,P018,Household,51,18,33,129.38,1,0
2026-01-13,S08,P018,Household,24,13,11,131.56,0,0
2026-01-13,S09,P004,Beverages,19,18,1,82.18,0,0
2026-01-13,S10,P020,Household,15,2,13,195.56,0,0
2026-01-14,S01,P020,Household,17,8,9,192.25,0,0
2026-01-14,S02,P008,Snacks,14,8,6,57.77,0,0
2026-01-14,S04,P004,Beverages,22,9,13,83.1,0,0
2026-01-14,S04,P020,Household,1,1,0,204.68,0,0
2026-01-14,S05,P009,Dairy,45,33,12,47.58,0,0
2026-01-14,S07,P009,Dairy,107,42,65,51.05,0,0
2026-01-14,S07,P012,Dairy,26,26,0,88.29,1,1
2026-01-14,S07,P014,Personal Care,53,15,38,152.94,0,0
2026-01-15,S01,P012,Dairy,24,13,11,90.99,0,0
2026-01-15,S01,P020,Household,13,13,0,204.83,0,1
2026-01-15,S04,P006,Snacks,29,27,2,29.92,0,0
2026-01-15,S04,P013,Personal Care,57,33,24,114.92,0,0
2026-01-15,S05,P001,Beverages,109,48,61,41.38,0,1
2026-01-15,S05,P019,Household,18,5,13,166.25,0,0
2026-01-15,S07,P017,Household,6,6,0,99.99,0,0
2026-01-15,S08,P003,Beverages,41,35,6,33.58,1,0
2026-01-15,S08,P006,Snacks,24,24,0,31.34,0,0
2026-01-15,S08,P013,Personal Care,24,23,1,118.7,0,0
2026-01-15,S09,P007,Snacks,34,22,12,44.61,0,0
2026-01-15,S09,P010,Dairy,26,26,0,67.45,0,0
2026-01-16,S01,P009,Dairy,97,46,51,49.1,0,0
2026-01-16,S01,P019,Household,22,12,10,158.29,0,0
2026-01-16,S04,P013,Personal Care,36,12,24,116.64,0,0
2026-01-16,S04,P013,Personal Care,75,29,46,124.89,1,0
2026-01-16,S05,P005,Snacks,84,48,36,24.48,0,0
2026-01-16,S08,P004,Beverages,24,5,19,77.46,0,0
2026-01-16,S08,P007,Snacks,55,18,37,46.46,0,1
2026-01-16,S08,P010,Dairy,46,44,2,62.68,1,0
2026-01-16,S10,P017,Household,39,13,26,95.35,0,0
2026-01-17,S01,P004,Beverages,50,21,29,82.54,1,0
2026-01-17,S01,P012,Dairy,22,9,13,86.15,0,0
2026-01-17,S02,P006,Snacks,35,35,0,30.59,0,0
2026-01-17,S02,P015,Personal Care,20,10,10,180.78,0,0
2026-01-17,S04,P016,Personal Care,22,13,9,215.52,0,0
2026-01-17,S05,P008,Snacks,11,11,0,61.63,1,0
2026-01-17,S05,P013,Personal Care,67,40,27,115.98,1,0
2026-01-17,S07,P013,Personal Care,71,29,42,123.04,0,0
2026-01-17,S08,P003,Beverages,51,29,22,35.21,0,0
2026-01-17,S08,P003,Beverages,42,39,3,33.62,1,0
2026-01-17,S08,P006,Snacks,57,36,21,28.96,1,0
2026-01-17,S09,P002,Beverages,46,28,18,56.97,0,0
2026-01-17,S10,P019,Household,7,7,0,160.83,1,0
2026-01-18,S01,P007,Snacks,68,44,24,44.01,1,0
2026-01-18,S02,P016,Personal Care,35,11,24,219.03,0,0
2026-01-18,S03,P014,Personal Care,47,32,15,148.03,1,0
2026-01-18,S04,P003,Beverages,33,33,0,33.52,0,0
2026-01-18,S08,P010,Dairy,66,39,27,63.04,1,0
2026-01-18,S09,P005,Snacks,48,38,10,25.8,1,0
2026-01-18,S09,P007,Snacks,28,17,11,43.6,0,0
2026-01-18,S09,P010,Dairy,46,25,21,67.84,0,0
2026-01-18,S10,P012,Dairy,2,2,0,93.96,1,0
2026-01-19,S01,P006,Snacks,69,38,31,30.57,0,0
2026-01-19,S05,P016,Personal Care,7,7,0,223.33,0,0
2026-01-19,S05,P018,Household,27,27,0,131.05,1,0
2026-01-19,S07,P006,Snacks,133,64,69,30.37,1,0
2026-01-19,S08,P006,Snacks,42,39,3,29.39,0,0
2026-01-19,S10,P006,Snacks,31,26,5,30.93,0,0
2026-01-19,S10,P020,Household,8,3,5,198.87,0,0
2026-01-20,S02,P010,Dairy,74,33,41,67.1,0,0
2026-01-20,S07,P016,Personal Care,21,5,16,215.6,0,0
2026-01-20,S08,P015,Personal Care,8,8,0,186.86,0,0
2026-01-20,S08,P019,Household,1,1,0,165.32,1,0
2026-01-20,S09,P006,Snacks,34,27,7,29.54,0,0
2026-01-20,S09,P020,Household,6,6,0,201.98,0,0
2026-01-20,S10,P013,Personal Care,37,14,23,118.7,0,0
2026-01-21,S01,P005,Snacks,70,70,0,25.48,1,0
2026-01-21,S02,P007,Snacks,63,38,25,46.77,0,0
2026-01-21,S03,P009,Dairy,34,34,0,49.74,1,0
2026-01-21,S06,P006,Snacks,65,46,19,29.28,1,0
2026-01-21,S06,P009,Dairy,43,43,0,50.88,0,0
2026-01-21,S07,P009,Dairy,84,42,42,48.98,0,0
2026-01-21,S08,P001,Beverages,22,22,0,40.88,0,0
2026-01-21,S09,P006,Snacks,55,39,16,28.68,1,0
2026-01-21,S10,P005,Snacks,30,19,11,23.82,0,0
2026-01-21,S10,P006,Snacks,55,22,33,29.0,0,0
2026-01-22,S01,P006,Snacks,83,51,32,29.73,0,0
2026-01-22,S03,P005,Snacks,53,40,13,25.8,0,0
2026-01-22,S05,P001,Beverages,95,43,52,39.08,0,0
2026-01-22,S05,P004,Beverages,58,17,41,76.12,1,0
2026-01-22,S05,P008,Snacks,15,15,0,60.97,0,0
2026-01-22,S05,P008,Snacks,14,10,4,57.73,0,0
2026-01-22,S05,P015,Personal Care,25,4,21,175.14,0,0
2026-01-22,S06,P007,Snacks,35,35,0,46.07,1,0
2026-01-22,S06,P008,Snacks,24,18,6,60.35,0,0
2026-01-22,S08,P011,Dairy,12,12,0,76.75,1,0
2026-01-22,S08,P015,Personal Care,21,15,6,176.3,1,0
2026-01-22,S09,P012,Dairy,22,10,12,86.31,0,0
2026-01-22,S09,P017,Household,27,21,6,104.76,0,1
2026-01-23,S01,P017,Household,47,27,20,95.99,0,0
2026-01-23,S03,P008,Snacks,31,14,17,59.4,0,0
2026-01-23,S04,P014,Personal Care,36,23,13,144.66,0,0
2026-01-23,S06,P011,Dairy,28,22,6,75.49,0,0
2026-01-23,S07,P012,Dairy,14,11,3,91.23,1,0
2026-01-23,S07,P015,Personal Care,31,17,14,185.16,0,0
2026-01-23,S08,P009,Dairy,92,59,33,49.53,1,0
2026-01-23,S08,P011,Dairy,17,17,0,75.62,0,0
2026-01-23,S08,P017,Household,45,29,16,104.53,1,0
2026-01-23,S09,P002,Beverages,37,34,3,52.68,0,0
2026-01-23,S09,P009,Dairy,53,34,19,48.39,1,0
2026-01-23,S10,P003,Beverages,53,32,21,34.08,1,0
2026-01-23,S10,P019,Household,17,7,10,159.46,0,0
2026-01-24,S01,P014,Personal Care,48,42,6,157.0,1,0
2026-01-24,S02,P014,Personal Care,31,28,3,142.77,0,0
2026-01-24,S03,P012,Dairy,5,5,0,87.96,0,0
2026-01-24,S04,P002,Beverages,89,52,37,54.13,0,0
2026-01-24,S04,P012,Dairy,7,7,0,86.05,0,0
2026-01-24,S05,P003,Beverages,58,27,31,35.9,0,0
2026-01-24,S05,P004,Beverages,9,9,0,78.12,0,0
2026-01-24,S07,P002,Beverages,60,55,5,56.56,1,0
2026-01-24,S07,P009,Dairy,57,53,4,47.9,0,0
2026-01-24,S08,P019,Household,16,12,4,153.45,0,0
2026-01-24,S10,P013,Personal Care,43,32,11,125.9,1,0
2026-01-24,S10,P014,Personal Care,31,11,20,149.56,0,0
2026-01-24,S10,P015,Personal Care,12,12,0,188.01,0,0
2026-01-25,S01,P001,Beverages,78,61,17,39.57,0,0
2026-01-25,S01,P011,Dairy,53,28,25,75.66,0,0
2026-01-25,S02,P006,Snacks,73,73,0,29.47,1,0
2026-01-25,S02,P011,Dairy,26,26,0,78.64,0,0
2026-01-25,S02,P014,Personal Care,40,29,11,148.76,0,0
2026-01-25,S05,P006,Snacks,71,32,39,30.48,0,0
2026-01-25,S05,P006,Snacks,109,47,62,29.17,0,0
2026-01-25,S05,P017,Household,45,27,18,99.75,0,0
2026-01-25,S06,P002,Beverages,60,33,27,55.59,0,0
2026-01-25,S06,P014,Personal Care,40,27,13,157.24,0,0
2026-01-25,S06,P015,Personal Care,48,24,24,174.83,0,0
2026-01-25,S07,P010,Dairy,29,29,0,66.82,0,0
2026-01-25,S07,P016,Personal Care,16,6,10,228.06,0,0
2026-01-25,S07,P017,Household,14,14,0,101.07,0,0
2026-01-25,S09,P020,Household,1,1,0,205.64,0,0
2026-01-25,S10,P014,Personal Care,10,9,1,153.36,0,0
2026-01-26,S01,P007,Snacks,110,53,57,43.26,1,0
2026-01-26,S03,P009,Dairy,99,40,59,48.32,0,0
2026-01-26,S04,P009,Dairy,65,36,29,47.72,0,0
2026-01-26,S05,P011,Dairy,39,16,23,73.42,0,0
2026-01-26,S07,P015,Personal Care,13,13,0,188.17,0,0
2026-01-26,S08,P014,Personal Care,22,18,4,151.73,0,0
2026-01-26,S08,P019,Household,10,9,1,156.78,0,0
2026-01-26,S09,P007,Snacks,14,14,0,43.0,0,0
2026-01-26,S09,P013,Personal Care,56,28,28,115.69,1,0
2026-01-27,S02,P001,Beverages,70,53,17,40.31,0,0
2026-01-27,S02,P005,Snacks,88,43,45,24.0,0,1
2026-01-27,S03,P002,Beverages,71,55,16,55.91,1,0
2026-01-27,S03,P008,Snacks,9,7,2,58.87,0,0
2026-01-27,S05,P015,Personal Care,27,7,20,172.71,0,0
2026-01-27,S06,P010,Dairy,35,27,8,64.68,0,0
2026-01-27,S06,P017,Household,47,24,23,96.29,0,0
2026-01-27,S10,P001,Beverages,40,26,14,38.42,0,0
2026-01-28,S02,P013,Personal Care,82,39,43,119.61,0,0
2026-01-28,S03,P013,Personal Care,60,33,27,118.84,0,0
2026-01-28,S04,P011,Dairy,16,16,0,73.68,0,0
2026-01-28,S06,P012,Dairy,31,13,18,91.89,0,0
2026-01-28,S08,P014,Personal Care,39,17,22,144.94,0,0
2026-01-28,S09,P011,Dairy,36,18,18,76.77,0,0
2026-01-28,S10,P007,Snacks,44,17,27,44.2,0,0
2026-01-28,S10,P018,Household,20,8,12,132.03,0,0
2026-01-29,S01,P010,Dairy,44,25,19,62.65,0,0
2026-01-29,S02,P010,Dairy,50,46,4,62.11,0,0
2026-01-29,S02,P013,Personal Care,13,13,0,125.51,0,0
2026-01-29,S03,P011,Dairy,35,23,12,76.32,0,0
2026-01-29,S04,P019,Household,32,13,19,156.27,1,0
2026-01-29,S05,P017,Household,39,19,20,96.86,0,0
2026-01-29,S07,P007,Snacks,41,35,6,46.14,0,0
2026-01-29,S08,P010,Dairy,50,27,23,65.22,0,0
2026-01-29,S10,P006,Snacks,69,34,35,31.0,0,0
2026-01-30,S02,P004,Beverages,41,21,20,83.98,1,0
2026-01-30,S02,P007,Snacks,75,68,7,45.02,1,1
2026-01-30,S02,P017,Household,49,22,27,98.15,0,0
2026-01-30,S04,P017,Household,72,33,39,99.26,1,0
2026-01-30,S05,P009,Dairy,74,34,40,52.2,0,0
2026-01-30,S05,P020,Household,15,2,13,202.47,0,0
2026-01-30,S07,P009,Dairy,59,39,20,47.93,0,0
2026-01-30,S08,P002,Beverages,76,56,20,53.14,1,0
2026-01-30,S08,P003,Beverages,28,28,0,35.51,0,0
2026-01-30,S08,P012,Dairy,34,9,25,90.48,1,0
2026-01-30,S10,P019,Household,9,6,3,156.46,1,0
2026-01-31,S01,P014,Personal Care,26,26,0,157.14,0,0
2026-01-31,S02,P014,Personal Care,55,27,28,149.22,0,0
2026-01-31,S02,P018,Household,30,30,0,134.21,1,0
2026-01-31,S02,P019,Household,34,14,20,161.82,0,1
2026-01-31,S02,P020,Household,3,3,0,197.87,0,0
2026-01-31,S07,P009,Dairy,104,44,60,47.61,0,0
2026-02-01,S02,P001,Beverages,43,43,0,40.07,0,0
2026-02-01,S02,P014,Personal Care,29,27,2,149.45,0,0
2026-02-01,S02,P014,Personal Care,62,23,39,147.44,0,1
2026-02-01,S02,P015,Personal Care,20,20,0,183.25,0,0
2026-02-01,S04,P002,Beverages,98,53,45,53.67,0,0
2026-02-01,S04,P013,Personal Care,44,27,17,120.38,0,0
2026-02-01,S05,P016,Personal Care,44,13,31,220.61,1,0
2026-02-01,S05,P017,Household,35,23,12,99.32,1,0
2026-02-01,S07,P015,Personal Care,35,19,16,180.21,0,1
2026-02-01,S09,P008,Snacks,14,14,0,60.92,0,0
2026-02-02,S01,P011,Dairy,59,32,27,76.74,1,0
2026-02-02,S01,P013,Personal Care,103,32,71,122.53,1,0
2026-02-02,S02,P009,Dairy,122,47,75,49.57,0,0
2026-02-02,S04,P004,Beverages,28,17,11,83.01,0,0
2026-02-02,S04,P004,Beverages,63,37,26,79.61,1,1
2026-02-02,S05,P009,Dairy,88,47,41,50.02,0,0
2026-02-02,S06,P001,Beverages,117,90,27,39.92,1,0
2026-02-02,S07,P020,Household,1,1,0,191.33,1,0
2026-02-02,S10,P011,Dairy,23,19,4,77.45,0,0
2026-02-03,S01,P005,Snacks,68,68,0,25.38,1,0
2026-02-03,S01,P018,Household,25,25,0,125.03,1,0
2026-02-03,S04,P009,Dairy,72,31,41,49.26,0,0
2026-02-03,S06,P002,Beverages,44,30,14,54.06,0,0
2026-02-03,S06,P003,Beverages,108,56,52,35.07,1,0
2026-02-03,S06,P005,Snacks,43,43,0,24.29,0,0
2026-02-03,S06,P018,Household,9,9,0,131.25,1,0
2026-02-03,S08,P017,Household,28,26,2,96.16,0,0
2026-02-03,S09,P017,Household,19,17,2,100.39,0,0
2026-02-04,S01,P003,Beverages,82,40,42,34.49,0,0
2026-02-04,S01,P010,Dairy,71,47,24,64.9,1,0
2026-02-04,S02,P005,Snacks,125,66,59,26.04,0,0
2026-02-04,S03,P014,Personal Care,73,34,39,148.91,0,1
2026-02-04,S06,P011,Dairy,52,27,25,75.56,0,0
2026-02-04,S07,P009,Dairy,116,42,74,51.79,0,0
2026-02-04,S08,P019,Household,4,4,0,156.73,0,0
2026-02-05,S01,P004,Beverages,104,45,59,79.9,1,1
2026-02-05,S05,P011,Dairy,38,26,12,75.32,1,0
2026-02-05,S06,P007,Snacks,50,29,21,44.0,0,0
2026-02-05,S08,P005,Snacks,39,21,18,25.99,0,0
2026-02-05,S08,P009,Dairy,85,42,43,50.42,1,0
2026-02-05,S09,P009,Dairy,43,28,15,48.44,0,0
2026-02-06,S01,P015,Personal Care,54,23,31,174.03,1,0
2026-02-06,S02,P002,Beverages,100,38,62,57.58,0,0
2026-02-06,S03,P012,Dairy,22,15,7,91.24,1,0
2026-02-06,S03,P014,Personal Care,48,21,27,142.98,0,0
2026-02-06,S03,P015,Personal Care,25,18,7,178.1,0,0
2026-02-06,S04,P015,Personal Care,41,19,22,178.1,0,0
2026-02-06,S05,P011,Dairy,47,16,31,75.66,1,0
2026-02-06,S05,P014,Personal Care,15,13,2,147.11,0,0
2026-02-06,S05,P016,Personal Care,23,10,13,210.25,1,0
2026-02-06,S05,P019,Household,9,7,2,162.76,0,0
2026-02-06,S06,P019,Household,47,17,30,156.79,1,0
2026-02-06,S07,P004,Beverages,61,33,28,76.36,1,1
2026-02-07,S01,P015,Personal Care,23,19,4,178.14,0,0
2026-02-07,S02,P001,Beverages,147,77,70,39.66,0,0
2026-02-07,S03,P004,Beverages,47,22,25,80.5,0,0
2026-02-07,S04,P008,Snacks,20,12,8,60.23,0,0
2026-02-07,S05,P004,Beverages,26,19,7,76.77,0,0
2026-02-07,S05,P016,Personal Care,20,11,9,226.95,1,0
2026-02-07,S06,P002,Beverages,47,47,0,54.27,0,0
2026-02-07,S06,P005,Snacks,87,38,49,24.84,0,0
2026-02-07,S06,P011,Dairy,37,20,17,75.37,0,0
2026-02-07,S07,P010,Dairy,39,33,6,66.5,0,0
2026-02-07,S07,P016,Personal Care,12,8,4,222.92,1,1
2026-02-07,S08,P002,Beverages,71,34,37,55.99,0,0
2026-02-07,S09,P018,Household,24,8,16,129.1,0,0
2026-02-07,S10,P014,Personal Care,37,25,12,147.57,1,0
2026-02-07,S10,P018,Household,9,9,0,132.59,0,0
2026-02-08,S04,P017,Household,72,31,41,99.02,0,0
2026-02-08,S05,P020,Household,5,5,0,193.29,1,0
2026-02-08,S08,P016,Personal Care,9,9,0,228.23,0,0
2026-02-08,S09,P010,Dairy,17,17,0,66.45,0,0
2026-02-08,S10,P006,Snacks,20,12,8,30.37,0,0
2026-02-08,S10,P008,Snacks,20,7,13,61.2,0,0
2026-02-08,S10,P010,Dairy,58,23,35,65.12,0,0
2026-02-09,S01,P004,Beverages,39,20,19,81.47,0,0
2026-02-09,S01,P012,Dairy,5,5,0,87.17,0,1
2026-02-09,S02,P012,Dairy,15,9,6,91.2,0,0
2026-02-09,S03,P011,Dairy,49,21,28,72.26,0,0
2026-02-09,S03,P012,Dairy,9,9,0,93.44,0,0
2026-02-09,S05,P002,Beverages,102,32,70,56.2,1,0
2026-02-09,S06,P008,Snacks,29,29,0,61.97,1,0
2026-02-09,S08,P015,Personal Care,6,6,0,174.15,1,0
2026-02-09,S09,P007,Snacks,45,23,22,44.79,1,0
2026-02-09,S09,P015,Personal Care,1,1,0,181.13,1,0
2026-02-09,S10,P009,Dairy,52,20,32,51.61,0,0
2026-02-10,S01,P015,Personal Care,21,16,5,172.64,0,0
2026-02-10,S02,P002,Beverages,87,54,33,54.51,0,0
2026-02-10,S02,P006,Snacks,62,56,6,29.07,1,0
2026-02-10,S02,P012,Dairy,29,11,18,93.34,0,0
2026-02-10,S03,P013,Personal Care,74,38,36,122.27,0,0
2026-02-10,S04,P015,Personal Care,26,14,12,178.07,0,0
2026-02-10,S04,P015,Personal Care,27,12,15,174.02,0,0
2026-02-10,S05,P006,Snacks,42,42,0,30.08,1,0
2026-02-10,S05,P010,Dairy,47,21,26,65.69,0,0
2026-02-10,S05,P011,Dairy,28,24,4,77.2,0,0
2026-02-10,S06,P013,Personal Care,71,28,43,118.41,0,0
2026-02-10,S06,P020,Household,18,10,8,204.62,0,0
2026-02-10,S07,P005,Snacks,71,43,28,24.5,0,0
2026-02-10,S08,P011,Dairy,40,23,17,74.85,0,0
2026-02-10,S08,P016,Personal Care,13,11,2,220.56,0,0
2026-02-10,S10,P001,Beverages,66,45,21,38.76,1,0
2026-02-11,S02,P014,Personal Care,35,17,18,148.53,0,0
2026-02-11,S03,P001,Beverages,61,46,15,39.08,0,0
2026-02-11,S03,P007,Snacks,44,33,11,45.72,1,0
2026-02-11,S03,P011,Dairy,52,20,32,75.51,0,0
2026-02-11,S03,P019,Household,44,14,30,152.29,1,0
2026-02-11,S04,P003,Beverages,50,30,20,35.36,0,0
2026-02-11,S05,P005,Snacks,76,56,20,26.14,0,0
2026-02-11,S05,P016,Personal Care,13,4,9,227.04,0,0
2026-02-11,S08,P003,Beverages,20,20,0,33.81,0,0
2026-02-11,S08,P016,Personal Care,24,7,17,221.25,0,0
2026-02-11,S09,P018,Household,4,4,0,134.12,0,0
2026-02-11,S10,P007,Snacks,32,21,11,47.23,0,0
2026-02-12,S01,P010,Dairy,35,35,0,62.47,0,1
2026-02-12,S02,P017,Household,25,20,5,102.17,0,0
2026-02-12,S03,P007,Snacks,30,28,2,43.49,0,0
2026-02-12,S03,P008,Snacks,20,7,13,58.83,0,0
2026-02-12,S05,P009,Dairy,40,31,9,49.79,0,0
2026-02-12,S05,P010,Dairy,53,33,20,63.84,1,0
2026-02-12,S05,P017,Household,17,17,0,103.49,0,1
2026-02-12,S06,P015,Personal Care,14,9,5,184.12,0,1
2026-02-12,S06,P016,Personal Care,15,3,12,221.16,0,0
2026-02-12,S07,P017,Household,44,30,14,104.22,1,0
2026-02-12,S09,P003,Beverages,19,19,0,35.21,0,0
2026-02-13,S02,P002,Beverages,102,45,57,54.67,0,0
2026-02-13,S04,P012,Dairy,26,10,16,92.48,0,0
2026-02-13,S10,P006,Snacks,25,15,10,28.68,0,0
2026-02-14,S04,P011,Dairy,35,27,8,71.72,1,0
2026-02-14,S04,P016,Personal Care,16,16,0,229.68,1,0
2026-02-14,S04,P020,Household,16,3,13,208.92,0,0
2026-02-14,S05,P020,Household,5,5,0,193.58,1,0
2026-02-14,S06,P003,Beverages,83,40,43,36.22,0,0
2026-02-14,S07,P010,Dairy,42,42,0,63.04,1,0
2026-02-14,S08,P019,Household,12,7,5,154.59,0,0
2026-02-14,S09,P006,Snacks,42,29,13,30.07,0,0
2026-02-14,S09,P015,Personal Care,11,11,0,176.7,0,0
2026-02-14,S10,P005,Snacks,62,40,22,24.06,0,0
2026-02-14,S10,P015,Personal Care,18,8,10,188.13,0,0
2026-02-14,S10,P019,Household,9,4,5,166.07,0,0
2026-02-15,S02,P004,Beverages,31,18,13,82.57,0,0
2026-02-15,S02,P007,Snacks,62,33,29,46.68,0,0
2026-02-15,S03,P006,Snacks,114,42,72,29.84,0,0
2026-02-15,S04,P016,Personal Care,3,3,0,209.9,1,0
2026-02-15,S05,P014,Personal Care,16,16,0,145.29,1,0
2026-02-16,S01,P005,Snacks,66,51,15,23.85,0,0
2026-02-16,S01,P014,Personal Care,26,14,12,146.83,0,0
2026-02-16,S06,P019,Household,28,24,4,157.37,1,0
2026-02-16,S07,P001,Beverages,129,90,39,39.19,1,0
2026-02-16,S07,P017,Household,25,25,0,103.91,0,0
2026-02-16,S08,P011,Dairy,36,16,20,78.65,0,1
2026-02-16,S09,P015,Personal Care,19,9,10,180.21,0,0
2026-02-16,S09,P015,Personal Care,27,10,17,175.4,0,0
2026-02-17,S01,P002,Beverages,79,35,44,54.51,0,0
2026-02-17,S01,P017,Household,69,30,39,100.66,1,0
2026-02-17,S02,P008,Snacks,9,9,0,62.26,0,0
2026-02-17,S03,P020,Household,13,3,10,207.74,1,0
2026-02-17,S04,P001,Beverages,53,51,2,39.3,0,0
2026-02-17,S04,P015,Personal Care,8,8,0,177.28,0,0
2026-02-17,S05,P003,Beverages,76,47,29,36.36,1,0
2026-02-17,S05,P004,Beverages,37,18,19,82.39,1,0
2026-02-17,S05,P007,Snacks,48,25,23,44.31,0,0
2026-02-17,S05,P012,Dairy,20,7,13,87.47,0,1
2026-02-17,S06,P002,Beverages,72,47,25,56.18,0,1
2026-02-17,S09,P018,Household,32,14,18,126.93,0,0
2026-02-18,S02,P008,Snacks,25,10,15,59.2,0,0
2026-02-18,S05,P015,Personal Care,23,18,5,178.3,0,0
2026-02-18,S06,P013,Personal Care,33,30,3,114.35,0,0
2026-02-18,S07,P003,Beverages,60,22,38,33.97,0,0
2026-02-18,S07,P004,Beverages,13,13,0,83.02,0,0
2026-02-18,S08,P019,Household,29,8,21,153.05,1,0
2026-02-18,S09,P001,Beverages,13,13,0,41.97,0,0
2026-02-18,S09,P013,Personal Care,31,19,12,115.37,0,0
2026-02-18,S09,P016,Personal Care,5,3,2,218.51,1,0
2026-02-18,S09,P020,Household,12,4,8,195.98,0,0
2026-02-19,S04,P019,Household,9,7,2,161.4,0,0
2026-02-19,S06,P019,Household,29,15,14,164.15,1,0
2026-02-19,S08,P015,Personal Care,22,13,9,179.15,0,0
2026-02-19,S09,P013,Personal Care,24,22,2,119.5,0,0
2026-02-19,S09,P016,Personal Care,10,6,4,209.95,0,0
2026-02-19,S10,P008,Snacks,34,11,23,57.95,0,0
2026-02-20,S01,P006,Snacks,101,68,33,29.48,0,0
2026-02-20,S02,P004,Beverages,35,18,17,76.83,1,0
2026-02-20,S05,P003,Beverages,57,36,21,33.5,0,0
2026-02-20,S06,P003,Beverages,78,44,34,36.44,1,0
2026-02-20,S06,P009,Dairy,86,49,37,50.16,0,0
2026-02-20,S06,P016,Personal Care,26,10,16,220.69,0,0
2026-02-20,S07,P006,Snacks,90,43,47,30.35,1,0
2026-02-20,S07,P012,Dairy,24,9,15,86.74,0,0
2026-02-20,S08,P018,Household,40,12,28,127.62,1,0
2026-02-20,S09,P002,Beverages,28,28,0,55.31,0,0
2026-02-20,S09,P006,Snacks,44,35,9,30.77,0,0
2026-02-20,S09,P012,Dairy,9,6,3,89.91,0,0
2026-02-20,S10,P005,Snacks,15,15,0,25.12,1,0
2026-02-20,S10,P012,Dairy,1,1,0,94.29,0,1
2026-02-20,S10,P015,Personal Care,16,8,8,182.2,0,0
2026-02-20,S10,P020,Household,7,6,1,209.73,1,0
2026-02-21,S01,P005,Snacks,64,64,0,26.18,0,0
2026-02-21,S01,P011,Dairy,39,32,7,77.76,0,0
2026-02-21,S03,P017,Household,35,26,9,95.86,0,0
2026-02-21,S04,P014,Personal Care,25,11,14,151.04,0,0
2026-02-21,S05,P010,Dairy,41,36,5,62.8,0,0
2026-02-21,S06,P004,Beverages,59,22,37,78.29,0,0
2026-02-21,S06,P016,Personal Care,6,6,0,213.63,0,0
2026-02-21,S07,P002,Beverages,53,53,0,55.99,1,0
2026-02-21,S07,P010,Dairy,68,36,32,64.92,0,0
2026-02-21,S08,P007,Snacks,18,18,0,44.76,0,0
2026-02-21,S08,P011,Dairy,25,20,5,77.29,0,0
2026-02-21,S08,P011,Dairy,51,23,28,78.09,0,1
2026-02-21,S09,P001,Beverages,77,34,43,39.59,0,0
2026-02-21,S09,P011,Dairy,29,22,7,71.58,0,0
2026-02-21,S10,P006,Snacks,38,35,3,29.41,0,0
2026-02-21,S10,P012,Dairy,22,9,13,89.0,0,0
2026-02-22,S02,P004,Beverages,29,28,1,77.2,0,0
2026-02-22,S02,P011,Dairy,36,30,6,78.36,0,0
2026-02-22,S02,P012,Dairy,30,10,20,88.92,0,1
2026-02-22,S02,P020,Household,28,3,25,198.93,0,0
2026-02-22,S04,P007,Snacks,44,30,14,43.56,1,0
2026-02-22,S10,P009,Dairy,48,26,22,51.68,0,0
2026-02-23,S03,P011,Dairy,61,29,32,74.27,1,0
2026-02-23,S05,P008,Snacks,14,9,5,60.55,0,0
2026-02-23,S06,P003,Beverages,104,44,60,36.4,0,0
2026-02-23,S06,P017,Household,48,27,21,100.13,0,0
2026-02-23,S07,P015,Personal Care,54,29,25,173.09,1,0
2026-02-23,S08,P004,Beverages,3,3,0,77.68,0,0
2026-02-23,S08,P011,Dairy,52,28,24,75.24,1,1
2026-02-23,S09,P020,Household,5,5,0,205.08,0,0
2026-02-23,S10,P015,Personal Care,14,7,7,185.77,0,0
2026-02-24,S01,P019,Household,25,18,7,160.35,0,0
2026-02-24,S03,P013,Personal Care,44,35,9,114.41,0,0
2026-02-24,S04,P017,Household,68,23,45,97.45,1,0
2026-02-24,S05,P016,Personal Care,6,6,0,210.48,0,0
2026-02-24,S07,P013,Personal Care,68,27,41,119.74,0,0
2026-02-24,S09,P008,Snacks,10,10,0,59.59,0,0
2026-02-24,S10,P001,Beverages,70,28,42,40.03,0,0
2026-02-25,S03,P009,Dairy,113,47,66,47.72,1,0
2026-02-25,S07,P008,Snacks,11,11,0,58.24,0,0
2026-02-25,S07,P017,Household,33,33,0,96.28,1,0
2026-02-25,S09,P006,Snacks,50,36,14,29.62,0,0
2026-02-25,S10,P012,Dairy,10,9,1,85.7,1,0
2026-02-25,S10,P020,Household,7,6,1,207.45,1,0
2026-02-26,S01,P012,Dairy,20,20,0,93.58,1,1
2026-02-26,S03,P010,Dairy,41,38,3,63.8,0,0
2026-02-26,S04,P014,Personal Care,44,19,25,142.98,0,0
2026-02-26,S05,P005,Snacks,60,40,20,25.56,0,0
2026-02-26,S05,P008,Snacks,13,7,6,60.66,0,0
2026-02-26,S05,P009,Dairy,76,42,34,48.07,0,0
2026-02-26,S05,P013,Personal Care,62,34,28,121.32,1,0
2026-02-26,S07,P003,Beverages,65,25,40,34.06,0,0
2026-02-26,S07,P003,Beverages,88,50,38,34.52,0,1
2026-02-26,S07,P013,Personal Care,43,25,18,116.7,0,0
2026-02-26,S08,P004,Beverages,13,13,0,83.29,1,0
2026-02-26,S10,P019,Household,12,12,0,161.29,0,0
2026-02-27,S02,P005,Snacks,141,58,83,23.79,1,0
2026-02-27,S02,P006,Snacks,54,51,3,30.47,0,0
2026-02-27,S04,P012,Dairy,7,7,0,87.77,0,0
2026-02-27,S06,P014,Personal Care,39,26,13,156.56,0,0
2026-02-27,S08,P010,Dairy,64,29,35,66.96,0,0
2026-02-27,S09,P009,Dairy,18,18,0,51.8,0,0
2026-02-27,S10,P007,Snacks,38,13,25,43.36,0,0
2026-02-28,S01,P003,Beverages,49,40,9,34.04,0,0
2026-02-28,S01,P018,Household,18,18,0,129.13,0,0
2026-02-28,S04,P003,Beverages,55,33,22,36.65,0,0
2026-02-28,S05,P001,Beverages,84,43,41,39.39,0,0
2026-02-28,S05,P002,Beverages,58,32,26,54.24,0,0
2026-02-28,S05,P020,Household,10,6,4,203.46,0,0
2026-02-28,S08,P012,Dairy,22,12,10,87.76,0,0
2026-02-28,S08,P013,Personal Care,53,23,30,117.96,1,0
2026-02-28,S08,P019,Household,16,9,7,167.13,0,0
2026-02-28,S09,P002,Beverages,64,31,33,53.25,0,0
2026-02-28,S09,P004,Beverages,35,16,19,76.52,1,0
2026-02-28,S09,P008,Snacks,22,14,8,58.18,1,0
2026-02-28,S09,P009,Dairy,69,50,19,48.64,1,0
2026-02-28,S09,P016,Personal Care,13,8,5,224.36,0,0
2026-03-01,S01,P015,Personal Care,27,18,9,186.29,0,0
2026-03-01,S02,P011,Dairy,62,33,29,78.25,0,0
2026-03-01,S06,P006,Snacks,80,64,16,28.66,1,0
2026-03-01,S06,P008,Snacks,31,17,14,59.66,0,1
2026-03-01,S07,P001,Beverages,124,47,77,38.93,0,0
2026-03-01,S09,P020,Household,1,1,0,203.14,1,0
2026-03-02,S01,P013,Personal Care,98,44,54,123.91,0,0
2026-03-02,S01,P015,Personal Care,15,15,0,182.34,0,0
2026-03-02,S02,P010,Dairy,50,37,13,66.06,0,0
2026-03-02,S03,P006,Snacks,66,36,30,29.4,0,0
2026-03-02,S03,P010,Dairy,88,36,52,64.18,1,0
2026-03-02,S04,P008,Snacks,2,2,0,58.02,0,0
2026-03-02,S04,P018,Household,17,7,10,136.33,0,0
2026-03-02,S05,P018,Household,29,22,7,124.37,1,1
2026-03-02,S06,P001,Beverages,78,39,39,40.33,0,0
2026-03-02,S06,P013,Personal Care,84,34,50,119.51,0,1
2026-03-02,S06,P015,Personal Care,16,16,0,179.56,0,0
2026-03-02,S08,P008,Snacks,14,11,3,59.2,1,1
2026-03-03,S01,P003,Beverages,80,42,38,36.11,0,0
2026-03-03,S01,P016,Personal Care,34,14,20,213.87,0,0
2026-03-03,S02,P011,Dairy,70,34,36,76.89,1,0
2026-03-03,S03,P013,Personal Care,57,34,23,114.81,0,0
2026-03-03,S03,P019,Household,16,12,4,167.63,0,0
2026-03-03,S05,P001,Beverages,68,51,17,38.48,0,1
2026-03-03,S05,P016,Personal Care,14,9,5,221.05,0,0
2026-03-03,S05,P019,Household,16,5,11,162.02,0,0
2026-03-03,S06,P007,Snacks,48,31,17,42.83,0,0
2026-03-03,S07,P009,Dairy,37,33,4,50.94,0,0
2026-03-03,S08,P009,Dairy,56,49,7,49.35,1,0
2026-03-03,S08,P009,Dairy,70,30,40,49.21,0,0
2026-03-03,S08,P011,Dairy,13,13,0,77.58,0,0
2026-03-03,S10,P002,Beverages,16,16,0,56.27,0,0
2026-03-03,S10,P012,Dairy,4,4,0,89.77,0,0
2026-03-03,S10,P017,Household,18,18,0,96.03,0,1
2026-03-04,S01,P014,Personal Care,58,26,32,146.56,0,0
2026-03-04,S03,P007,Snacks,62,21,41,45.11,0,0
2026-03-04,S03,P010,Dairy,102,48,54,61.79,1,1
2026-03-04,S03,P013,Personal Care,42,33,9,119.3,0,0
2026-03-04,S04,P014,Personal Care,21,21,0,143.58,0,0
2026-03-04,S04,P017,Household,90,47,43,100.98,1,1
2026-03-04,S05,P018,Household,44,14,30,132.0,0,1
2026-03-04,S05,P020,Household,11,7,4,195.32,0,0
2026-03-04,S06,P003,Beverages,52,49,3,34.82,0,0
2026-03-04,S07,P002,Beverages,41,41,0,56.45,0,0
2026-03-05,S01,P008,Snacks,44,20,24,59.79,0,0
2026-03-05,S01,P019,Household,22,22,0,153.75,1,0
2026-03-05,S02,P002,Beverages,76,27,49,54.33,0,0
2026-03-05,S02,P010,Dairy,43,35,8,67.3,0,0
2026-03-05,S02,P018,Household,41,22,19,127.82,1,0
2026-03-05,S03,P007,Snacks,56,30,26,45.88,0,0
2026-03-05,S03,P008,Snacks,27,8,19,61.65,0,0
2026-03-05,S05,P008,Snacks,21,9,12,59.19,0,1
2026-03-05,S05,P009,Dairy,70,34,36,52.23,0,0
2026-03-05,S07,P009,Dairy,82,47,35,49.23,0,0
2026-03-05,S10,P005,Snacks,39,30,9,25.9,0,0
2026-03-06,S01,P004,Beverages,39,23,16,80.42,0,0
2026-03-06,S01,P011,Dairy,28,18,10,77.73,0,0
2026-03-06,S02,P002,Beverages,51,51,0,54.52,1,0
2026-03-06,S02,P004,Beverages,25,25,0,76.93,0,0
2026-03-06,S02,P008,Snacks,16,13,3,58.51,0,1
2026-03-06,S04,P008,Snacks,31,16,15,58.16,1,0
2026-03-06,S04,P020,Household,11,2,9,197.66,0,0
2026-03-06,S05,P017,Household,43,34,9,104.22,1,0
2026-03-06,S06,P005,Snacks,67,58,9,24.98,0,0
2026-03-06,S07,P011,Dairy,38,28,10,76.37,0,0
2026-03-06,S09,P011,Dairy,26,24,2,77.48,1,0
2026-03-06,S10,P005,Snacks,67,39,28,26.11,1,0
2026-03-06,S10,P009,Dairy,46,29,17,47.87,1,0
2026-03-06,S10,P013,Personal Care,30,20,10,115.66,0,1
2026-03-07,S01,P019,Household,51,16,35,160.77,0,0
2026-03-07,S03,P013,Personal Care,27,20,7,121.85,0,0
2026-03-07,S04,P018,Household,29,17,12,127.49,0,0
2026-03-07,S04,P019,Household,29,20,9,164.43,1,0
2026-03-07,S07,P012,Dairy,17,6,11,85.79,1,0
2026-03-07,S08,P002,Beverages,91,49,42,54.85,1,0
2026-03-07,S09,P002,Beverages,54,32,22,57.4,0,0
2026-03-08,S01,P004,Beverages,85,45,40,82.67,1,0
2026-03-08,S02,P003,Beverages,92,43,49,36.42,1,0
2026-03-08,S02,P006,Snacks,49,32,17,30.53,0,0
2026-03-08,S02,P012,Dairy,25,10,15,92.54,0,0
2026-03-08,S03,P010,Dairy,29,29,0,62.52,0,0
2026-03-08,S07,P007,Snacks,32,28,4,43.38,0,0
2026-03-08,S08,P010,Dairy,24,24,0,61.8,1,0
2026-03-08,S09,P011,Dairy,32,13,19,72.9,0,0
2026-03-08,S09,P015,Personal Care,22,15,7,180.73,0,0
2026-03-08,S10,P003,Beverages,31,31,0,36.28,1,0
2026-03-08,S10,P014,Personal Care,26,10,16,153.63,0,0
2026-03-08,S10,P017,Household,13,12,1,95.38,0,0
2026-03-09,S03,P019,Household,14,14,0,161.91,0,0
2026-03-09,S04,P001,Beverages,53,53,0,40.33,1,0
2026-03-09,S05,P005,Snacks,50,50,0,25.52,0,0
2026-03-09,S06,P002,Beverages,78,59,19,56.44,1,0
2026-03-09,S07,P011,Dairy,71,20,51,74.02,0,0
2026-03-09,S07,P020,Household,1,1,0,196.8,0,0
2026-03-10,S02,P016,Personal Care,23,13,10,225.87,0,0
2026-03-10,S05,P009,Dairy,59,39,20,52.15,0,0
2026-03-10,S05,P012,Dairy,18,10,8,92.97,1,0
2026-03-10,S07,P005,Snacks,96,59,37,24.05,0,0
2026-03-10,S07,P010,Dairy,35,30,5,64.72,0,0
2026-03-10,S07,P018,Household,28,17,11,127.24,0,0
2026-03-11,S01,P003,Beverages,75,34,41,34.92,0,0
2026-03-11,S01,P011,Dairy,55,28,27,77.22,0,0
2026-03-11,S01,P013,Personal Care,32,30,2,123.39,0,0
2026-03-11,S02,P007,Snacks,36,23,13,45.51,0,0
2026-03-11,S02,P019,Household,10,10,0,155.93,0,0
2026-03-11,S03,P001,Beverages,77,77,0,39.6,1,0
2026-03-11,S03,P013,Personal Care,103,50,53,118.17,1,0
2026-03-11,S04,P011,Dairy,38,16,22,77.13,0,0
2026-03-11,S04,P012,Dairy,12,8,4,88.28,1,0
2026-03-11,S06,P001,Beverages,90,58,32,41.55,0,0
2026-03-11,S06,P012,Dairy,14,12,2,87.18,0,0
2026-03-11,S07,P009,Dairy,47,47,0,52.25,0,0
2026-03-11,S07,P012,Dairy,31,9,22,89.85,1,0
2026-03-11,S08,P016,Personal Care,4,4,0,211.93,0,0
2026-03-11,S08,P020,Household,4,4,0,205.47,1,0
2026-03-11,S10,P002,Beverages,16,16,0,54.59,1,0
2026-03-11,S10,P007,Snacks,40,19,21,46.91,1,0
2026-03-12,S01,P019,Household,52,13,39,156.59,1,0
2026-03-12,S03,P018,Household,66,26,40,135.51,1,0
2026-03-12,S04,P009,Dairy,42,41,1,49.53,1,0
2026-03-12,S04,P020,Household,19,5,14,209.64,1,0
2026-03-12,S05,P010,Dairy,24,21,3,65.86,0,0
2026-03-12,S06,P001,Beverages,56,46,10,40.09,0,0
2026-03-12,S10,P016,Personal Care,13,4,9,230.17,0,0
2026-03-13,S03,P013,Personal Care,61,49,12,119.55,0,1
2026-03-13,S05,P007,Snacks,23,13,10,45.74,0,0
2026-03-13,S07,P015,Personal Care,19,14,5,176.18,0,0
2026-03-13,S08,P018,Household,12,12,0,132.2,1,0
2026-03-13,S09,P007,Snacks,18,14,4,44.91,0,0
2026-03-14,S02,P007,Snacks,37,33,4,43.98,0,0
2026-03-14,S04,P007,Snacks,63,45,18,43.9,1,0
2026-03-14,S04,P019,Household,15,13,2,153.66,0,0
2026-03-14,S06,P011,Dairy,55,34,21,74.41,0,0
2026-03-14,S07,P010,Dairy,63,31,32,65.8,0,0
2026-03-14,S08,P004,Beverages,23,17,6,79.73,0,0
2026-03-14,S08,P019,Household,26,11,15,167.33,0,0
2026-03-14,S09,P007,Snacks,20,20,0,46.68,1,0
2026-03-15,S02,P009,Dairy,98,67,31,49.15,1,0
2026-03-15,S03,P004,Beverages,14,14,0,83.29,0,0
2026-03-15,S06,P006,Snacks,57,47,10,28.5,0,0
2026-03-15,S07,P007,Snacks,30,29,1,45.1,0,0
2026-03-16,S01,P019,Household,24,16,8,160.68,0,0
2026-03-16,S02,P012,Dairy,27,11,16,86.88,1,0
2026-03-16,S03,P006,Snacks,96,46,50,31.13,1,0
2026-03-16,S06,P009,Dairy,175,70,105,48.52,1,0
2026-03-16,S07,P002,Beverages,76,59,17,54.46,0,0
2026-03-16,S09,P014,Personal Care,14,11,3,154.12,0,0
2026-03-16,S10,P005,Snacks,19,19,0,24.65,0,0
2026-03-16,S10,P011,Dairy,14,9,5,78.22,0,0
2026-03-17,S02,P019,Household,9,9,0,163.1,0,0
2026-03-17,S03,P001,Beverages,75,57,18,38.45,0,0
2026-03-17,S04,P001,Beverages,57,42,15,38.75,1,0
2026-03-17,S06,P009,Dairy,122,57,65,51.7,1,0
2026-03-17,S06,P018,Household,34,22,12,132.18,1,0
2026-03-17,S08,P015,Personal Care,2,2,0,175.44,0,0
2026-03-17,S08,P017,Household,32,28,4,103.62,0,0
2026-03-17,S09,P006,Snacks,63,40,23,30.8,1,0
2026-03-17,S09,P020,Household,5,5,0,205.21,0,1
2026-03-17,S10,P006,Snacks,39,33,6,29.13,1,0
2026-03-17,S10,P016,Personal Care,1,1,0,224.66,1,0
2026-03-17,S10,P019,Household,14,9,5,156.52,0,0
2026-03-17,S10,P020,Household,9,5,4,203.54,0,0
2026-03-18,S01,P002,Beverages,110,42,68,56.07,0,0
2026-03-18,S01,P003,Beverages,59,39,20,34.31,0,0
2026-03-18,S02,P015,Personal Care,20,17,3,187.62,0,1
2026-03-18,S03,P013,Personal Care,46,30,16,116.31,0,0
2026-03-18,S04,P017,Household,30,26,4,96.07,1,0
2026-03-18,S05,P008,Snacks,11,5,6,60.82,0,0
2026-03-18,S05,P017,Household,29,10,19,101.05,0,0
2026-03-18,S08,P009,Dairy,38,38,0,47.66,1,0
2026-03-18,S08,P011,Dairy,24,24,0,76.19,1,0
2026-03-18,S10,P018,Household,26,10,16,129.81,0,0
2026-03-19,S01,P003,Beverages,88,41,47,34.5,0,0
2026-03-19,S01,P018,Household,42,34,8,136.4,0,0
2026-03-19,S02,P007,Snacks,30,30,0,45.76,1,0
2026-03-19,S02,P015,Personal Care,35,19,16,186.13,0,0
2026-03-19,S03,P012,Dairy,10,10,0,90.53,1,0
2026-03-19,S04,P018,Household,18,17,1,127.11,1,0
2026-03-19,S05,P018,Household,51,18,33,125.16,1,0
2026-03-19,S06,P003,Beverages,45,40,5,36.02,0,0
2026-03-19,S06,P016,Personal Care,11,11,0,225.2,0,0
2026-03-19,S08,P015,Personal Care,16,16,0,188.11,1,0
2026-03-20,S04,P010,Dairy,26,25,1,63.84,0,0
2026-03-20,S06,P016,Personal Care,6,6,0,214.53,0,0
2026-03-20,S08,P004,Beverages,27,15,12,76.9,1,0
2026-03-20,S08,P017,Household,41,18,23,101.95,0,1
2026-03-20,S09,P005,Snacks,44,18,26,24.64,0,0
2026-03-20,S10,P016,Personal Care,1,1,0,210.29,0,0
2026-03-20,S10,P019,Household,17,9,8,166.59,1,0
2026-03-21,S01,P013,Personal Care,111,39,72,116.39,0,0
2026-03-21,S03,P004,Beverages,21,21,0,78.34,0,0
2026-03-21,S04,P016,Personal Care,13,8,5,220.67,0,0
2026-03-21,S05,P015,Personal Care,30,19,11,175.38,1,0
2026-03-21,S05,P020,Household,10,6,4,197.95,0,1
2026-03-21,S06,P003,Beverages,82,40,42,35.34,0,0
2026-03-21,S07,P016,Personal Care,15,10,5,210.92,0,0
2026-03-21,S08,P001,Beverages,82,38,44,40.2,0,0
2026-03-21,S08,P017,Household,18,14,4,95.77,0,0
2026-03-21,S10,P016,Personal Care,1,1,0,209.03,0,1
2026-03-21,S10,P020,Household,5,1,4,201.21,0,0
2026-03-22,S01,P011,Dairy,34,30,4,73.07,0,0
2026-03-22,S02,P020,Household,1,1,0,202.14,0,0
2026-03-22,S04,P014,Personal Care,33,32,1,154.8,0,0
2026-03-22,S05,P012,Dairy,17,11,6,92.67,1,0
2026-03-22,S05,P012,Dairy,27,2,25,85.87,0,0
2026-03-22,S05,P014,Personal Care,57,30,27,153.1,1,0
2026-03-22,S06,P019,Household,39,15,24,155.33,0,0
2026-03-22,S07,P003,Beverages,69,44,25,34.52,0,0
2026-03-22,S07,P018,Household,42,25,17,129.57,0,1
2026-03-22,S08,P019,Household,10,10,0,161.84,1,0
2026-03-22,S09,P006,Snacks,54,33,21,30.9,0,0
2026-03-22,S09,P019,Household,10,10,0,152.11,0,0
2026-03-22,S10,P002,Beverages,61,35,26,52.99,0,0
2026-03-23,S01,P018,Household,28,13,15,134.77,0,0
2026-03-23,S02,P002,Beverages,71,44,27,53.97,0,0
2026-03-23,S02,P005,Snacks,107,55,52,25.51,0,1
2026-03-23,S02,P007,Snacks,86,25,61,45.35,0,0
2026-03-23,S02,P012,Dairy,34,14,20,94.33,0,0
2026-03-23,S02,P014,Personal Care,68,9,59,157.1,1,0
2026-03-23,S03,P001,Beverages,67,39,28,41.5,0,0
2026-03-23,S03,P016,Personal Care,11,7,4,220.41,0,0
2026-03-23,S04,P013,Personal Care,54,20,34,117.51,0,0
2026-03-23,S06,P014,Personal Care,33,23,10,147.6,0,0
2026-03-23,S06,P016,Personal Care,8,6,2,230.57,0,1
2026-03-23,S07,P010,Dairy,57,34,23,62.31,0,0
2026-03-23,S07,P010,Dairy,64,27,37,67.5,0,0
2026-03-23,S07,P014,Personal Care,55,30,25,143.33,0,0
2026-03-23,S08,P011,Dairy,32,19,13,78.48,0,1
2026-03-23,S09,P002,Beverages,72,31,41,52.39,0,0
2026-03-23,S09,P014,Personal Care,13,13,0,146.78,0,0
2026-03-24,S01,P004,Beverages,21,20,1,77.33,0,0
2026-03-24,S01,P005,Snacks,62,59,3,25.51,0,0
2026-03-24,S02,P015,Personal Care,38,21,17,185.56,0,0
2026-03-24,S06,P005,Snacks,60,49,11,23.84,0,0
2026-03-24,S06,P019,Household,8,8,0,155.26,1,0
2026-03-24,S09,P012,Dairy,22,7,15,91.37,1,0
2026-03-24,S10,P001,Beverages,63,29,34,39.8,0,0
2026-03-24,S10,P010,Dairy,18,16,2,65.08,0,0
2026-03-25,S02,P004,Beverages,30,23,7,76.29,0,0
2026-03-25,S02,P018,Household,29,10,19,124.99,0,0
2026-03-25,S03,P020,Household,9,6,3,200.63,0,0
2026-03-25,S05,P001,Beverages,31,31,0,38.96,0,0
2026-03-25,S05,P003,Beverages,46,29,17,35.39,0,0
2026-03-25,S05,P010,Dairy,34,34,0,63.99,1,0
2026-03-25,S05,P017,Household,48,19,29,102.03,1,0
2026-03-25,S07,P007,Snacks,40,24,16,47.04,0,0
2026-03-25,S07,P011,Dairy,44,24,20,76.86,0,0
2026-03-25,S07,P016,Personal Care,5,5,0,209.35,0,0
2026-03-26,S02,P003,Beverages,60,29,31,35.29,0,0
2026-03-26,S04,P007,Snacks,80,42,38,42.82,1,0
2026-03-26,S04,P008,Snacks,12,4,8,62.13,0,0
2026-03-26,S04,P017,Household,37,25,12,98.31,0,0
2026-03-26,S05,P009,Dairy,60,35,25,51.03,0,0
2026-03-26,S05,P012,Dairy,30,10,20,92.98,0,0
2026-03-26,S05,P012,Dairy,39,13,26,93.54,1,0
2026-03-26,S05,P013,Personal Care,12,12,0,117.66,0,0
2026-03-26,S05,P016,Personal Care,16,11,5,210.18,0,0
2026-03-26,S06,P007,Snacks,82,32,50,42.9,0,0
2026-03-26,S09,P015,Personal Care,27,6,21,175.66,0,0
2026-03-26,S09,P020,Household,8,5,3,195.78,0,1
2026-03-26,S10,P020,Household,29,3,26,202.58,1,0
2026-03-27,S01,P004,Beverages,54,27,27,83.59,0,0
2026-03-27,S01,P004,Beverages,64,26,38,82.42,1,0
2026-03-27,S02,P015,Personal Care,30,11,19,179.39,1,0
2026-03-27,S04,P015,Personal Care,35,16,19,182.11,1,0
2026-03-27,S04,P015,Personal Care,31,19,12,182.59,1,0
2026-03-27,S05,P012,Dairy,35,18,17,90.78,1,1
2026-03-27,S06,P012,Dairy,15,10,5,90.22,0,0
2026-03-27,S06,P020,Household,1,1,0,194.06,0,0
2026-03-27,S07,P008,Snacks,36,23,13,59.0,1,0
2026-03-27,S08,P008,Snacks,14,12,2,62.27,1,0
2026-03-27,S08,P017,Household,32,16,16,98.0,0,0
2026-03-27,S08,P017,Household,35,16,19,101.14,0,0
2026-03-27,S10,P014,Personal Care,9,9,0,156.73,0,0
2026-03-28,S02,P009,Dairy,99,41,58,48.18,0,0
2026-03-28,S02,P013,Personal Care,51,37,14,125.53,1,0
2026-03-28,S05,P012,Dairy,16,12,4,90.0,0,0
2026-03-28,S06,P017,Household,17,17,0,101.69,0,0
2026-03-28,S07,P010,Dairy,27,27,0,67.12,0,0
2026-03-28,S07,P014,Personal Care,64,21,43,144.52,0,0
2026-03-28,S07,P015,Personal Care,16,8,8,176.76,0,0
2026-03-28,S07,P017,Household,56,33,23,103.39,0,0
2026-03-28,S08,P019,Household,10,10,0,160.29,0,0
2026-03-28,S10,P002,Beverages,52,40,12,57.61,1,0
2026-03-28,S10,P018,Household,5,5,0,135.15,1,0
2026-03-29,S01,P018,Household,34,11,23,124.47,0,0
2026-03-29,S01,P019,Household,11,11,0,156.94,1,1
2026-03-29,S02,P016,Personal Care,1,1,0,210.57,1,0
2026-03-29,S03,P006,Snacks,106,63,43,30.14,1,0
2026-03-29,S03,P011,Dairy,27,21,6,72.27,0,0
2026-03-29,S07,P014,Personal Care,26,23,3,149.23,1,0
2026-03-29,S08,P002,Beverages,38,36,2,56.81,0,0
2026-03-29,S08,P006,Snacks,36,34,2,30.92,0,0
2026-03-29,S08,P016,Personal Care,8,5,3,210.45,0,0
2026-03-29,S09,P003,Beverages,47,27,20,33.95,0,0
2026-03-29,S10,P008,Snacks,3,3,0,60.13,0,0
2026-03-30,S01,P001,Beverages,97,74,23,38.64,1,0
2026-03-30,S01,P010,Dairy,77,42,35,62.05,1,0
2026-03-30,S02,P011,Dairy,11,11,0,76.91,0,0
2026-03-30,S03,P007,Snacks,35,12,23,44.2,0,0
2026-03-30,S04,P019,Household,26,14,12,155.11,0,1
2026-03-30,S05,P005,Snacks,62,28,34,26.05,0,0
2026-03-30,S06,P013,Personal Care,39,39,0,124.75,0,0
2026-03-30,S07,P018,Household,16,16,0,133.87,0,0
2026-03-30,S08,P006,Snacks,49,34,15,29.26,1,0
2026-03-30,S08,P013,Personal Care,46,31,15,124.3,1,0
2026-03-30,S09,P006,Snacks,26,14,12,28.73,0,0
2026-03-31,S02,P005,Snacks,81,63,18,24.64,1,1
2026-03-31,S03,P008,Snacks,6,6,0,61.01,0,0
2026-03-31,S05,P001,Beverages,100,47,53,41.01,1,0
2026-03-31,S05,P013,Personal Care,37,28,9,123.43,0,0
2026-03-31,S06,P001,Beverages,166,62,104,39.25,1,0
2026-03-31,S06,P015,Personal Care,58,33,25,173.47,1,0
2026-03-31,S08,P012,Dairy,42,18,24,93.66,1,0
2026-03-31,S08,P015,Personal Care,3,3,0,181.82,0,0
2026-03-31,S08,P019,Household,17,17,0,156.89,0,0
2026-03-31,S10,P010,Dairy,7,7,0,66.86,0,0
2026-03-31,S10,P018,Household,13,13,0,134.18,0,0
2026-04-01,S01,P001,Beverages,92,51,41,38.44,0,0
2026-04-01,S01,P019,Household,9,9,0,159.29,0,0
2026-04-01,S02,P020,Household,14,7,7,199.7,0,0
2026-04-01,S04,P001,Beverages,53,49,4,38.51,0,0
2026-04-01,S04,P015,Personal Care,20,13,7,186.83,0,0
2026-04-01,S04,P015,Personal Care,9,9,0,172.29,1,0
2026-04-01,S05,P018,Household,30,10,20,129.62,0,0
2026-04-01,S07,P008,Snacks,40,18,22,58.24,1,0
2026-04-01,S07,P014,Personal Care,27,27,0,151.65,1,0
2026-04-02,S01,P018,Household,11,11,0,134.28,0,0
2026-04-02,S05,P017,Household,55,24,31,101.81,0,0
2026-04-02,S06,P009,Dairy,73,43,30,51.45,0,0
2026-04-02,S07,P004,Beverages,30,18,12,78.44,0,0
2026-04-02,S07,P013,Personal Care,42,20,22,115.47,0,0
2026-04-02,S08,P002,Beverages,75,57,18,55.14,1,0
2026-04-02,S09,P004,Beverages,24,12,12,78.21,0,0
2026-04-02,S10,P006,Snacks,30,24,6,28.86,0,0
2026-04-02,S10,P019,Household,3,3,0,152.86,0,0
2026-04-03,S01,P004,Beverages,17,17,0,80.59,0,0
2026-04-03,S02,P013,Personal Care,106,57,49,125.91,0,1
2026-04-03,S04,P020,Household,13,8,5,207.91,0,0
2026-04-03,S05,P009,Dairy,103,45,58,51.98,1,0
2026-04-03,S06,P019,Household,7,7,0,160.2,0,0
2026-04-03,S06,P019,Household,31,10,21,158.99,0,0
2026-04-03,S07,P002,Beverages,50,31,19,57.22,0,0
2026-04-03,S09,P015,Personal Care,7,7,0,183.31,1,0
2026-04-03,S10,P016,Personal Care,6,4,2,230.88,1,0
2026-04-04,S01,P005,Snacks,211,77,134,25.83,1,0
2026-04-04,S03,P008,Snacks,33,10,23,61.36,1,0
2026-04-04,S03,P016,Personal Care,35,10,25,216.0,1,0
2026-04-04,S04,P017,Household,24,10,14,97.22,0,0
2026-04-04,S04,P020,Household,4,4,0,196.18,0,0
2026-04-04,S05,P004,Beverages,52,16,36,77.39,1,1
2026-04-04,S06,P014,Personal Care,28,28,0,144.11,1,0
2026-04-04,S07,P015,Personal Care,30,28,2,173.93,1,0
2026-04-04,S10,P019,Household,8,8,0,158.19,0,0
2026-04-05,S01,P012,Dairy,17,12,5,89.49,0,0
2026-04-05,S02,P019,Household,26,12,14,161.89,0,0
2026-04-05,S02,P020,Household,10,8,2,205.15,0,0
2026-04-05,S03,P001,Beverages,90,52,38,40.26,0,0
2026-04-05,S03,P015,Personal Care,15,15,0,174.16,0,0
2026-04-05,S04,P002,Beverages,60,38,22,57.38,0,0
2026-04-05,S08,P017,Household,31,15,16,100.33,0,1
2026-04-05,S09,P016,Personal Care,19,6,13,223.51,0,0
2026-04-05,S10,P007,Snacks,22,22,0,45.11,0,0
2026-04-05,S10,P009,Dairy,64,53,11,47.6,1,1
2026-04-06,S01,P014,Personal Care,61,27,34,149.9,0,0
2026-04-06,S02,P017,Household,64,27,37,100.41,0,0
2026-04-06,S03,P006,Snacks,96,42,54,29.12,1,0
2026-04-06,S04,P020,Household,1,1,0,198.07,0,0
2026-04-06,S06,P004,Beverages,18,18,0,83.84,0,0
2026-04-06,S08,P005,Snacks,39,32,7,24.35,0,0
2026-04-06,S08,P014,Personal Care,26,26,0,151.55,1,1
2026-04-06,S08,P014,Personal Care,53,24,29,152.46,0,0
2026-04-06,S10,P010,Dairy,17,17,0,63.27,0,0
2026-04-07,S01,P013,Personal Care,67,53,14,115.08,1,0
2026-04-07,S02,P019,Household,28,11,17,161.45,1,0
2026-04-07,S03,P017,Household,39,17,22,97.15,0,0
2026-04-07,S04,P007,Snacks,24,21,3,43.12,0,0
2026-04-07,S05,P002,Beverages,72,44,28,53.74,1,0
2026-04-07,S06,P012,Dairy,21,17,4,90.04,1,0
2026-04-07,S06,P012,Dairy,24,12,12,90.98,0,0
2026-04-07,S07,P015,Personal Care,32,14,18,174.58,0,0
2026-04-07,S08,P014,Personal Care,39,7,32,155.6,0,0
2026-04-07,S10,P020,Household,1,1,0,205.97,0,0
2026-04-07,S10,P020,Household,6,6,0,200.1,0,0
2026-04-08,S06,P007,Snacks,78,47,31,43.89,1,0
2026-04-08,S08,P013,Personal Care,63,22,41,123.36,0,0
2026-04-08,S09,P002,Beverages,43,43,0,53.55,1,0
2026-04-08,S09,P012,Dairy,13,11,2,90.98,1,0
2026-04-09,S01,P008,Snacks,20,11,9,60.2,0,0
2026-04-09,S05,P008,Snacks,14,10,4,61.33,0,0
2026-04-09,S05,P014,Personal Care,84,20,64,157.39,1,1
2026-04-09,S09,P017,Household,9,9,0,96.12,0,0
2026-04-09,S09,P018,Household,6,6,0,125.59,0,0
2026-04-09,S10,P007,Snacks,34,30,4,46.56,1,0
2026-04-09,S10,P008,Snacks,6,6,0,59.43,0,0
2026-04-10,S02,P011,Dairy,13,13,0,75.98,0,0
2026-04-10,S03,P002,Beverages,36,32,4,57.4,0,0
2026-04-10,S03,P017,Household,41,26,15,104.46,0,0
2026-04-10,S04,P015,Personal Care,25,10,15,177.27,0,0
2026-04-10,S04,P018,Household,23,23,0,123.71,1,0
2026-04-10,S06,P002,Beverages,65,53,12,55.32,0,0
2026-04-10,S06,P002,Beverages,105,50,55,53.17,0,0
2026-04-10,S06,P004,Beverages,3,3,0,76.4,1,0
2026-04-10,S07,P004,Beverages,35,21,14,82.78,0,0
2026-04-10,S09,P004,Beverages,28,12,16,79.89,0,0
2026-04-10,S09,P012,Dairy,34,7,27,85.62,1,0
